,CountryCode,CountryName,TourismEmploymentPer1000,TourismGDPPercentage,BusinessToPersonalRatio,AverageStayDays,InboundArrivalsPer1000,DomesticTouristsPer1000,InboundToOutboundRatio,GroceriesCostIndex,RestaurantPriceIndex,SafetyIndex,HealthCareIndex,ClimateIndex,ReverseTrafficIndex,ReversePollutionIndex,Cluster
0,ALB,Albania,-0.3339458119188244,1.1186355809349695,-0.7833370867878588,-0.4525895350178951,1.7040735359616783,-0.6939719799854217,1.3492856228050811,-0.1660892472718262,-0.1070131104697869,-0.1272508907806967,-1.841404315368856,0.5762213862964474,0.7845429977758608,-1.155240446793404,0
1,DZA,Algeria,-0.6068361651829653,-1.0379327216852918,5.481194892350999,-0.7309326754770167,-0.9689304173021472,-0.3900888158929326,-0.6315189328720365,-0.6404800651759701,-1.4325621822860433,-0.70463153519548,-1.1369954918667156,-0.0302935208048249,-0.64532111082575,-0.4889356927670304,0
2,AGO,Angola,-0.7723794995167654,-0.2893993048378921,-0.4593315112786797,-0.0275718412094045,-0.4959621436855274,-0.5228236493684695,1.3817743368758724,-0.592393745541143,-0.6481163981324908,-1.7059118932312436,-0.4587075652673197,-0.0196821761400371,-0.8318990951651257,-0.5585372497509739,0
3,ARG,Argentina,0.087577957370611,-0.7265624463720788,-0.3558065407235545,-0.4556814139141295,-0.4782097087989824,-0.5374365073839317,-0.6776699458205727,-0.3901071335043386,-0.0175245655370442,-1.4939620364207535,0.3724519870664435,1.5504462192705153,-0.516069300721054,0.177369061259343,0
4,AUS,Australia,-0.1389948533779138,-0.8567444137260604,0.1465118186178656,-0.5549292240372777,-0.1947469428100208,2.247779704834453,-0.486189529910196,1.6458201266676138,1.0675240417724654,-0.3172749003349288,0.9762309786397078,1.1820418706668758,-0.2503758492982905,1.3980800610023174,1
5,AUT,Austria,-0.2446681529672733,-0.2032980140628034,-0.2239189594026258,-0.137926226340754,1.3718599348603826,0.0851960063889059,-0.1317045866894192,1.2702607291601662,1.0954892120639474,0.9836587035363552,1.479380138284094,-0.1278402577016197,1.579480662919773,1.6981715151057988,1
6,AZE,Azerbaijan,-0.6822315794689239,0.0138227226809124,0.3091561181348787,-0.7579025537786823,-0.3833745774528454,-0.0788360407166727,-0.6039937000938694,-0.9633293718051794,-0.3922578474429053,0.8155605412383805,-1.830223222932315,0.9855595514116022,-0.2310916471788962,-0.9365297260061212,0
7,BHR,Bahrain,0.7285146423383716,-0.5812480199658027,-0.6395393623723108,-0.3355430168231374,1.21275381159217,-1.1181893952895725,-0.1679387285725984,0.2160589115954013,0.4187320910100783,1.3490894911406486,-0.6050287940763676,0.0162769339117261,0.1291939360579751,-0.8805804718512346,0
8,BLR,Belarus,0.0113617077036913,-0.849545197864152,0.1483495112818903,-0.5061001149878461,-0.3964299886723551,-0.9298256308106542,-0.2201723546701945,-1.2005247807572517,-0.7054677547075061,-0.4999902941370755,-1.8078610380592308,-1.224866540210234,0.8423956041340435,0.4774605153628238,0
9,BEL,Belgium,-0.4281967951564767,-0.7221078689833484,0.835389258019197,-0.106470412314185,-0.1470034051511859,-0.5509565705671872,-0.691642638138843,0.7695148658169028,1.5093737323778835,-0.4707558311287321,1.2557582895532555,0.5434743330872345,0.3067233230397624,0.2587497945755411,1
10,BLZ,Belize,0.5617756297288783,0.1217470887493425,-0.5957038949802606,0.6337468365651416,0.1678176546782904,-0.1760307628499217,0.15759262457784,0.2490027183943002,-0.3027693025101622,-0.711940150947566,-0.1288642323295667,0.0019837300986256,-0.4347903391872106,-0.2961622905690093,0
11,BRA,Brazil,-0.509237818095404,-0.3000046517894947,-0.2188131385277199,0.2044253915129344,-0.4921105095305828,-0.1850773579897248,-0.6075218610856982,-1.1214596444398943,-0.985119457622328,-1.5743568096936982,-0.6226652397857871,1.476765349549788,-0.4089348445021978,0.0705568487818323,0
12,BRN,Brunei,-0.621083748494428,-1.165548219598968,3.7294841291026426,0.4228567902527886,-0.4411341184790856,0.2398629490727329,-0.3625206236751008,1.4283910017948802,-0.5936070735415773,0.9982759350405273,0.5056648852529616,-0.0082323807347673,0.0283846755887213,0.2856426691711963,1
13,CMR,Cameroon,-0.8090019862230038,-0.2425646487754275,0.1639157161718997,-0.7548446552832261,-0.4529576877461427,-0.9685966390998282,-0.1573417141060439,-0.5416486447792733,0.1167082518620706,-1.6474429672145567,-0.7984344281325707,-0.0245888821016472,-1.2809459739260636,-2.004651850781224,0
14,CYM,Cayman Islands,5.063247832468823,0.1880202388000667,-0.6145098267428223,0.5850931758225877,0.3263810172582022,0.7879457021579803,0.1081587898244002,0.2466110697033409,0.2990244074410318,0.8886466987592391,1.0430506198380622,0.0188081547220926,0.0814224488545216,-0.3141553654385624,1
15,CHL,Chile,0.0167916720857026,-0.1425174723044908,-0.511771076684531,-0.569197094500148,-0.4700403087091711,1.4728088965793869,-0.6478884999736435,-0.3176307585467609,-0.1853155872859374,-1.2820121796102637,-0.1306971725779428,0.8873183917839649,0.4545688726217841,-1.180671925954716,0
16,CRI,Costa Rica,0.1004693172667483,0.4622127982015943,-0.602599033728944,2.779023432454605,-0.1763771035849864,-0.6598494366220421,0.0071576643688427,0.8749350475733794,0.4299181591266709,-0.8142607714767681,-0.0412484330856078,1.6486873788981526,-3.2072868409387216,0.6249630944984336,0
17,HRV,Croatia,-0.1941858916120064,3.2992717829496803,-0.3830611029144783,-0.0851273111333031,2.555853279574665,-0.3481348712250444,4.544588927876308,-0.1331454404729273,0.3739878185437065,1.2760033336197898,0.0034759366605604,0.8054507587609339,1.2580772942632057,1.174283044382772,2
18,CYP,Cyprus,0.3808999654880021,0.8185604610119132,-0.4240423757132761,0.1061135713844275,1.2917015233951965,0.1467549620753402,0.908630844458451,0.2687690024736394,0.7039768279831968,0.7205485364612644,-0.8462870885166256,1.051053657830027,0.945244682104145,-0.0515142511924646,1
19,DNK,Denmark,0.2478997857400427,-0.8032161248909943,-0.7636568748264069,-0.8861946094707902,1.096027854230006,2.1879063611639444,-0.0547016237347247,1.1911955928428086,2.275619398364496,1.2394602548593605,1.5352856004668038,0.2569376175066261,1.4080655329696043,1.7134304026025853,1
20,DOM,Dominican Republic,-0.3412723990359698,0.0495380416240246,-0.7723939924362226,1.5849012698753606,0.0187453372229242,-0.685312375477403,2.405382211494816,-0.4428172243825767,-0.3810717793263127,-1.2820121796102637,-0.712113979278123,-0.0086482852333331,-0.8913756876464596,-0.9619612051674332,0
21,ECU,Ecuador,-0.6374697792690321,-0.9994193039259658,0.7376863071476174,0.0855007634471842,-1.23539977196357,-0.9020218088671664,-0.7582147564659124,-0.6404800651759701,-0.7278398909406918,-1.4281844946519808,1.3899313987917576,1.5831932724797282,-0.0232508021143148,-0.2397071969861733,0
22,EGY,Egypt,-0.1974161408235321,0.2448604492442149,-0.8285856841660445,1.90677168995094,-0.3526607716401375,-1.1376383230303193,-0.1885470373380089,-1.5299628487462409,-1.225619922129075,-0.3172749003349288,-1.942034147297734,1.0346801312254204,-1.6581226040140604,-1.4451593092323607,0
23,SLV,El Salvador,-0.5627314030464986,-0.0657498712424211,-0.7005440474015314,2.059247483531787,-0.2765159218714246,-0.39390403350466,-0.3065702922393203,-0.0079589746371115,-0.4314090858509806,-1.143148480320632,-0.2873995027082813,-0.0123672315030877,-0.7492391603665133,-0.3748946103450682,0
24,EST,Estonia,-0.2189730803287009,0.7134948521209806,0.2385702936774338,-0.6902992497810219,0.3403447015261258,0.65464184291374,-0.314972806332148,0.1435825366378236,0.7766862707410503,1.4075584171573352,1.2110339198070874,-1.233053303512538,1.6180490671585628,1.896537052564032,1
25,FIN,Finland,-0.0333660995934108,-0.7341686035631568,0.2261587781570924,-0.6757610769485777,-0.3013924906534956,4.4657956309013285,-0.6729766065015943,1.085775411086332,1.3751409149787694,1.180991328842674,1.4346557685379258,-1.699698811743814,1.5644818390491346,2.1610244358416764,1
26,FRA,France,-0.1424454463627836,-0.1462741530636167,-0.3513327288484042,-0.6781861262401578,0.4271421389460746,1.872431865381596,0.3832126130190713,1.362503388197083,0.8941399859652757,-0.909272776253884,1.45701795341101,0.8873183917839649,0.5252776137262288,0.5486686570144976,1
27,GEO,Georgia,0.0894017628489755,-0.0179247193338372,-0.4433628245591263,-0.0264305660236596,0.0254306168920019,1.0489979513695893,-0.366853669047694,-0.7722552923715659,-0.3698857112097197,1.2175344076031032,-1.0140034750647544,0.7481434156448119,0.3774320641442071,-0.6873012302252636,0
28,DEU,Germany,-0.1317878196956597,0.1307291370237399,-0.0262579829704133,-0.5072858433579428,-0.3133922467247796,0.8891257443989966,-0.6875201074972932,0.9078788543722782,0.9724424627814257,0.2601057440798545,0.808514592091579,0.2896846707158389,1.1059463664324294,1.2912678485248077,1
29,GHA,Ghana,-0.5041042800188491,-0.2657519992098978,2.2817656496694747,2.820792242891433,-0.4758970562586266,-0.790313947323191,0.1024359205236128,-0.6338913038161906,-0.5600488691917985,-0.1784112010452974,-0.8127438112070001,-0.0229200408767295,-1.02303450344337,-1.6587837341873812,0
30,GRC,Greece,0.1644981989083853,0.8907468564709518,-0.5058084925893707,0.1783042709910038,1.161715050015315,-0.7451974389522249,1.4401821756623625,0.097461207119365,0.6144882830504537,-0.2514973585661562,-0.6897517944050389,1.018306604620814,0.4974226551093266,0.2485772029110161,0
31,HND,Honduras,-0.0428837247230774,0.9823591680827346,-0.5135809664624212,0.4873931834741241,-0.4467305311478693,-0.4352125559129641,-0.2434433936841345,-0.258331906308743,-0.4817463923756485,-2.1225029911001383,-0.3183852387781584,-0.0172884574109584,-1.054609416415497,-0.622639613369502,0
32,HUN,Hungary,0.2568072905289311,0.6886336087322167,-0.6309831398922467,-0.4851398522327501,0.5261327299636052,-0.0981815101609734,-0.194266812341337,-0.4955273152608152,-0.2188737916357157,0.6766968419487486,-1.1593576767397995,-0.0541593879808914,0.5509898832187546,0.3960797820466258,0
33,ISL,Iceland,0.9573039557828164,0.3760055721723169,-0.4244158269447934,-0.720654888158621,1.852175980193614,1.1423021932745734,0.298348787268007,3.121702671258284,3.053051132467701,1.261386102115618,0.3277276173202751,-0.8646489549088986,1.24736384864132,1.947400010886656,1
34,IND,India,-0.1310193436326212,-1.1286671923231375,-0.3531612367589686,0.5798177114109251,-0.4921456765467781,-0.6909525838198994,-0.5357796657454105,-1.3454775306724067,-1.3151084670618178,-0.0980164277723528,0.0929246761528955,-1.314920936535569,-1.141734525039174,-0.946702317670646,0
35,IDN,Indonesia,-0.5593190061163953,-0.398318803004086,2.5671852739678807,-0.7158375276767849,-0.4882724972540091,0.3394099728387383,0.2318658943407504,-0.6866013946944287,-1.393410943877968,-0.2222628955578127,-0.4214055759280329,-1.2739871200240531,-0.8588995606213938,-0.6974738218897887,0
36,ISR,Israel,-0.4205061652449098,-1.0644937544987585,-0.4640233443679637,-0.557662877535308,-0.418859367916535,-0.0948230801597609,-0.7541113933100957,1.2043731155623685,1.9232582526918205,0.8155605412383805,0.9538687937666236,1.1820418706668758,-0.0661045846018573,-0.1278086886764005,1
37,JPN,Japan,0.6847990058534887,-0.6902632787425125,-0.5867802948203381,-0.817062318712314,-0.6720543945981009,0.0713958851348759,-0.5109389167060915,0.7629261044571228,-0.5992001075998739,1.466027343174022,1.714183079451474,0.4861669899711126,0.1631631517064947,0.8029834486276173,1
38,JOR,Jordan,-0.7093503289016158,0.9940804438996445,-0.3382686010157668,-0.6162583653965893,-0.2829500320135888,-1.2098563580930226,0.0100265446500729,-0.5021160766205951,-0.1629434510527513,0.2162540495673392,0.05938139884327,0.7890772321563274,-0.6296318243130412,-1.160326742625666,0
39,KAZ,Kazakhstan,-0.6483143416798584,-1.2033126225635953,2.9780234966380665,-0.0013329599071212,-0.1760815531090224,-0.842104602583929,-0.6662213783007344,-1.0226282240431976,-0.6775025844160238,-0.163793969541126,-0.4437677608011163,-3.238810312576797,0.3517197946516819,-0.9619612051674332,0
40,KGZ,Kyrgyzstan,-0.7731947722860671,-0.2750973079624842,0.9006622051045405,0.3352351065359649,-0.4725760957328395,-0.56333086404609,-0.6563805720051512,-0.9830956558845187,-1.046642832263589,-0.8288780029809395,-0.5096312810703705,-0.0197588841757721,-0.5905150546549003,-0.6100127549621843,0
41,LVA,Latvia,0.2835497491837813,0.4671070260314086,-0.5210458280541519,-0.6781731505816623,-0.1458609588920388,0.0778829041111802,-0.4725126240369022,-0.1529117245522664,0.172638592445035,0.4282039063778292,-0.2536891893799041,-0.3816299200730153,1.0352376253279847,1.2200597068731336,1
42,LBN,Lebanon,1.2956389081716473,-0.6135085644985956,0.0019617540177459,-0.4185203869570905,-0.3117618153382928,-0.3872116233743164,-0.1525478427807417,-0.7722552923715659,0.0439988091042167,-0.2807318215744995,-0.1083349877048587,1.2557227403876043,-0.741051658780652,-1.7859411299939412,0
43,LTU,Lithuania,-0.3048632375221157,-0.7305157598273443,0.1868999849903483,-0.6514279189275862,-0.0595380200692402,-0.0652070203288969,-0.4186384094739299,-0.1858555313511653,0.5026276018845249,0.7717088467258646,1.155128457624378,-0.9465165879319296,1.4380631807108837,1.4235115401636294,1
44,MDG,Madagascar,-0.7975442945924215,-0.258475507558051,-0.5807395593134969,5.369346138128842,-0.4972743603756994,-1.252814010948322,-0.1627286509080616,-1.4047763829104247,-1.443748250402636,-0.8319031392319935,-0.8490101386055269,-0.0296701916508915,-1.237862391751233,-1.142427019478393,0
45,MYS,Malaysia,2.6414981440439487,-1.0202174465060003,-0.2658899819964996,-0.762632663973424,-0.4448837040284025,-0.4965323862312719,-0.2473864277510086,-0.3703408494249994,-1.0074915938555138,-0.4342127523683028,0.6296171131069074,-1.863434077789876,-0.4046494662534431,-0.3414331136314211,0
46,MUS,Mauritius,-0.1040100152120834,2.2247765428722195,-0.7222254611428304,0.1403481685827287,-0.2797745252010657,-0.1207774795691645,0.6691181715038832,-0.2517431449489631,-0.5712349373083916,-0.5146075256412475,-0.0608561825389568,-0.0088454783610784,-0.2864591855760159,-0.015910180366628,0
47,MEX,Mexico,-0.2968586333838546,1.3772346330284817,-0.791392760393932,-0.1760381761426264,-0.1954336914925731,-0.2140886529412635,0.1486925143902034,-0.311041997186981,-0.2300598597523087,-0.7631004612121668,0.8756011467108299,0.4861669899711126,-0.4860716529797741,-0.2091894219925988,0
48,MDA,Moldova,-0.8248084199899405,-1.327554033752268,0.1952501434549186,-0.390542525319454,-0.4718830464822401,-1.246713403206872,-0.7062518911536728,-0.8842642354878221,-0.7222468568823954,-0.0980164277723528,-0.4388689920826442,-0.028911107170566,-0.398150121773538,-0.3566920011282082,0
49,MCO,Monaco,5.716510486261777,4.318969272394984,-0.2485598767608812,-0.4605154454964594,6.654130757988889,-0.8702697462727875,4.972566325442448,-0.3192834636524758,2.0308093881012192,1.436792880165679,-2.2859991343240225,0.160122726748899,1.4924740959749545,-1.216275996780553,2
50,MNG,Mongolia,-0.7071832960311062,-1.475025783718777,0.8712903831569497,0.558946212267535,-0.479279291069063,-0.8376484039009864,-0.1984364550014146,-0.284686951747862,-0.8900378786312886,-0.6680884564350508,-0.6229270079098453,-0.0236182346394755,-1.0975110415404992,-1.7045603966777425,0
51,MNE,Montenegro,0.0669530051956391,2.591976371476213,-0.3070393804346676,-0.1282195373567264,2.260732290560441,-0.4424001251456255,1.7106745013794578,-0.5416486447792733,-0.1349782807612691,0.5524503741632887,-1.1007843556698496,0.0524616955898854,0.9038110439932996,0.5384960653499727,2
52,MAR,Morocco,-0.3403325930448205,1.3795535661405347,-0.4196140119622673,-0.4485517291126539,-0.3707492784450991,-0.4905592478068752,0.6674544030768294,-0.9303855650062806,-1.0018985597972174,-0.3538179790953581,-1.997939609480444,0.4779802266688099,0.4395700487511438,-0.7330778927156255,0
53,MOZ,Mozambique,-0.7984792414052921,-0.3499395900581044,-0.4764196856256631,-0.6215707477060527,-0.475133629728418,-0.2887191704093751,-0.2919573111751881,-0.6141250197368511,-0.1685364851110478,-1.25277771660192,-0.2868262348088031,-0.0160687155613786,-0.4545072153737923,-0.2711777127587809,0
54,NAM,Namibia,-0.2386778771776275,0.6088167618305368,0.4669811585923346,-0.638721244406273,-0.3704502309358214,0.5636029648827463,-0.3437676982389342,-0.7656665310117861,-0.627165277891356,-1.5012706521728394,-0.1715317935163054,-0.0019783520526569,-0.3016823022220397,-0.1580804287666517,0
55,NLD,Netherlands,0.4438792822793769,-0.4671865061248707,0.6671674683477367,-0.6865823876962659,-0.0230216704427293,0.614496455799518,-0.6143398411801121,0.9144676157320576,1.5429319367276626,1.1736827130905874,1.6359154323956802,0.6417154927148719,1.440205869835261,1.6625674442799612,1
56,NZL,New Zealand,0.3248116807143128,-0.1346979429041641,-0.4263652646261249,-0.6485524872669289,-0.4000579061285561,2.951381125062833,-0.4723275732697218,1.2702607291601662,0.7655002026244573,-0.383052442103702,0.4171763568126118,1.3212168468060288,0.3410063490297962,1.4336841318281537,1
57,NIC,Nicaragua,-0.6188755484320054,-0.2829279208294301,-0.4305476387687613,-0.4560987580789293,-0.4488267027637706,-0.1076432398498208,-0.5819226344556475,-0.12771479958616,-0.2200944970524721,-0.5730764516579342,-0.0450287326609275,-0.0129954279681051,-0.2691667657557864,-0.1054221969230514,0
58,NGA,Nigeria,-0.7719075477561972,0.3417650491706005,0.6833316397459882,0.694149264374532,-0.4951890605276595,-1.2432872645789597,-0.1085258217442113,-0.7327227242128871,-1.0354567641469958,-1.7278377404875014,-1.7407744834399792,-1.5195900190931464,-3.933658454102567,-1.7096466925100051,0
59,NOR,Norway,0.2744616322137245,0.0241310605131819,0.1608585292083376,-0.683590788209537,-0.1449583396047864,2.8070070960761955,-0.5558388828685622,1.9093705810588049,1.9288512867501164,0.7278571522133499,1.2222150122436288,-0.8892092448158077,1.2580772942632057,1.8304152067446209,1
60,PSE,Palestine,-0.5940346490685918,-1.0797136661219358,0.1708643721767111,-0.6090836334547515,-0.4183655338348631,-1.2477649275674112,-0.1075128680948376,-0.1265566791131474,-0.4090369496177949,0.0116128085089351,-0.2865182535323922,-0.0275328153198455,-0.5291192439631724,-0.557927344913924,0
61,PAN,Panama,0.2338518464270514,2.2356329282714187,-0.6121542288383186,-0.457236500947949,-0.3224245786533566,0.1502889059587104,-0.4417676994799805,0.4400767978279137,0.0999291496871811,0.0189214242610205,-0.4437677608011163,-0.9465165879319296,-0.1089583670894004,-0.066773138689252,0
62,PRY,Paraguay,-0.8044612107411439,-1.3507270692871611,-0.0186263868544533,-0.1754289057162446,-0.4710376792571907,-1.0274339452773684,-0.708059928102765,-1.3323000079528473,-1.136131377196332,-1.2308518693456625,-0.7644569254101226,-0.0259253122943319,-0.8088003813241188,-0.892684245893923,0
63,PHL,Philippines,0.59772855462046,0.6939968986653219,-0.581771199618017,1.6998759872883222,-0.4921948323188143,-0.3314367031868118,-0.4606738970825172,-0.5680036902183929,-1.1808756496627033,-0.0103130387473227,0.2941843400106497,-1.4868429658839335,-0.5696365288304821,-0.921270838509334,0
64,POL,Poland,-0.623264402210463,-1.0027324408247211,-0.5273275792282787,-0.374602235415179,-0.1829099205507015,0.0575398827791477,-0.3348105869820854,-0.5416486447792733,-0.0343036677119333,1.0202017822967846,-0.7456572565877484,-0.2833887604453779,0.7952564433977464,-0.0566005470247274,0
65,PRT,Portugal,0.4675422924839822,0.8421645724088396,-0.1903453447295953,-0.2733129302577519,0.2587470066324244,0.4973985733035759,1.318449874970349,-0.1595004859120463,-0.0958270423531942,0.793634693982123,0.8420578694012044,1.4685785862474845,0.9538154386016536,1.2963541443570696,1
66,PRI,Puerto Rico,-0.1673745113551145,-0.334841718848146,-0.1021297504308481,-0.4364422007480027,0.5364874781253365,0.1007182346428715,1.0551778758537496,1.329559581398184,0.7431280663912716,-1.355098337131122,-0.6897517944050389,0.0153540998634698,0.006746845626965,0.324871640394952,0
67,ROU,Romania,-0.2425859330661642,-0.2869947644706172,-0.7218829958192862,-0.5557471204057162,-0.316204038389282,-0.3716986981313441,-0.1825395652961404,-0.5943587356575118,-0.2468389619271979,0.7790174624779511,-0.9133736431358772,-0.2588284705384688,0.5831302200844115,-0.2244483094893862,0
68,RUS,Russia,-0.6100888841591501,0.0898151638507147,0.1413084310677333,0.3345748047238654,-0.3282116724691415,-0.5230116034284159,-0.151871984211917,-1.391598860190865,-1.024270696030403,0.3112660543444552,-0.3543190213087813,-2.6166163016017614,-0.4796435856066425,-0.2397071969861733,0
69,SAU,Saudi Arabia,-0.1306915814811823,-0.6375888558540237,0.5062656384597529,0.0733343675869093,-0.3634215764853212,0.6086643794546274,-0.6546701704820795,-0.1792667699913854,-0.347513574976534,1.3929411856531633,-0.3207757439991558,-1.9698620007198169,0.2467280275572027,-0.417727551115357,0
70,SRB,Serbia,-0.2337653690245743,-0.2430188482593298,0.0891682561926238,-0.3076074980706536,-0.3575788317590716,0.0917714558736925,-0.2840051582152453,-0.5811812129379521,-0.2580250300437909,0.4208952906257432,-1.4053417103437216,0.314244960622748,0.9131043452384882,-0.5855753135800157,0
71,SVK,Slovakia,-0.0017021245668522,-0.3695633960409351,-0.1101398679040415,-0.3232546172273446,0.7633400263633744,0.2372157546702434,0.5049952561984435,0.011807309442228,-0.2468389619271979,0.8740294672550671,-0.700932886841581,-0.1032799677947106,1.1188025011786926,0.8741915902792907,1
72,SVN,Slovenia,0.0223562188636864,-0.0173694602587994,-0.3752150459760884,-0.3738491305082905,0.5589020880642991,0.280359359994446,-0.5108618886866353,0.1897038661562818,0.2117898308531098,1.4002498014052498,0.1600112307721464,-0.2670152338407726,1.168084351039366,1.6320496692863873,1
73,ZAF,South Africa,-0.4400398635683654,-0.0424860393638779,-0.5559150528523015,1.3181502664228235,-0.4453877530516458,-0.964036621843136,-0.1583306258985858,-1.0160394626834175,-0.6047931416581701,-2.3198356164064564,-0.0971538952683174,1.3048433202014225,-0.7539077935269146,-0.1176360970118759,0
74,KOR,South Korea,-0.7132322445911458,-0.4772541628039068,-0.7212250636841129,-0.2014097850505198,-1.3202951921891883,0.6704549723347328,-1.0748275822609892,2.0806783764130787,-0.4090369496177949,1.3198550281323047,2.027253667674647,-0.8973960081181103,0.0624567628607701,-0.3363468177991587,1
75,ESP,Spain,0.8248940207260846,1.2183252426489672,-0.5732516191019734,-0.3724492018450102,0.3019827700640204,1.6409736567355866,0.6710688754098286,0.0052185480824481,0.3348365801356317,0.4647469851382586,1.4122935836648416,1.1656683440622695,1.1745124184124978,0.9453997319309642,1
76,LKA,Sri Lanka,-0.5835914898644777,-0.2606964255917425,-0.7495428236289022,2.945719317625385,-0.4821967014023076,-0.7527236283140798,-0.5502969842113383,0.4598430819072528,-0.9403751851559564,0.0627731187735359,0.7526091299088694,-1.6587649952322987,-2.2945012739540664,-0.1837579428312869,0
77,SWE,Sweden,-0.0742833508594743,-0.7179506779075289,-0.1609658949745858,-0.693585826252012,-0.1487393003757784,0.055362922702805,-0.647816727322931,0.8288137180549207,0.8885469519069791,-0.3684352105995301,0.4059952643760689,-0.2342681806315598,1.2087954444025315,1.866019277570457,1
78,CHE,Switzerland,-0.2111860284475795,-0.5719202065613587,-0.0627565855899377,-0.5733962554508832,0.1381548072299098,-0.2897620841114094,-0.5858799352137143,3.965064125310096,3.25999339262467,1.2029171760989312,0.7637902223454107,-0.0132255714693759,0.7181196349201701,1.5862730067960251,1
79,TWN,Taiwan,-0.7118072985509765,-1.0078564996620596,-0.3225409594724447,-0.4238635123358172,-1.515266273315018,0.5022150246633017,-1.1950689828093568,0.9935327520494152,-0.8173284358734348,1.889927056795003,2.4409540878266984,0.4124861202503854,0.6624097176863649,-0.5041945802638179,1
80,THA,Thailand,1.1402618112493927,-0.2299253614004033,-0.716540334485482,-0.541599780338243,-0.4573934867194463,0.0475508148294954,0.4899198838977235,-0.1595004859120463,-1.046642832263589,0.4135866748736578,1.4346557685379258,-0.8155283750950792,-0.4110775336265748,-1.089118600973993,0
81,TUR,Turkey,-0.2849824885789303,-0.0241529103097756,-0.7185001604194646,-0.4817081005938258,-0.0845547018703212,-0.570489788207145,2.6880663507358284,-0.4823497925412554,-0.336327506859941,0.1285506605423086,0.7302469450357852,1.1411080541553604,-0.7903335086413256,-0.5092808760960799,0
82,UGA,Uganda,0.0181389192181431,0.0138227226809124,1.0898887798184784,1.1879269816123006,-0.4839305334607255,-1.2231409278047722,-0.2358983466859361,-0.9633293718051794,-0.8620727083398064,-0.8142607714767681,-0.5164381719899409,-0.0289134506619215,-0.9701654944086904,-0.99369150103556,0
83,ARE,United Arab Emirates,0.9409708872795935,0.9046133521650028,0.6200349015759884,-0.0486367869269443,0.9662742763987222,-0.074002385914929,-0.3048568293472948,-0.0343140200762306,1.1066752801805402,2.0068649088283763,0.6631603904165327,-2.747604514438611,-0.3210845904027358,0.3146990487304275,1
84,GBR,United Kingdom,0.5533870143539431,-0.6534659201574465,0.1075294597687814,-0.5686583254670113,-0.3554677011346198,0.7769179460994031,-0.3910956499162807,0.7826923885364621,1.408699119328548,-0.3903610578557875,0.8979633315839141,0.6417154927148719,0.3667186185223215,0.6910849403178445,1
85,USA,United States,-0.395378076393082,-0.3235926517208825,-0.2843023501847475,-0.1866571343568443,-0.4134533959724512,0.7096977231176459,-0.6119988442096348,1.8961930583392448,1.632420481660405,-0.4561385996245607,0.3500898021933593,-0.0705329145854978,0.004604156502588,0.8945367736083402,1
86,URY,Uruguay,0.3352943356800388,1.4413217158539722,-0.5569149967086477,0.1192699701337615,0.6226423122100593,0.6162926484954765,-0.3207807039103272,0.2358251956747404,0.5249997381177106,-0.6607798406829648,0.4395385416856944,1.5258859293636062,0.013174913000096,0.5486686570144976,1
87,UZB,Uzbekistan,-0.8021391339222456,-0.386919524261957,-0.783824526255856,-0.455956413700154,-0.601743145327326,-0.1070135084849678,-0.4231949593550624,-1.0753383149214355,-1.0802010366133674,1.1005965555697286,-0.050703020075772,-0.0170890362223962,0.2901360146651505,0.0146075946269463,0
88,ZMB,Zambia,-0.7100117353100928,-0.2777913129281376,1.4484478151378315,-0.073718220288749,-0.4624905805318891,-0.4150947335050887,-0.2632228619325926,-0.917208042286721,-1.0074915938555138,-0.1930284325494694,-0.3602231371646826,-0.0175452353189711,-0.3137563932936973,-0.4604488277647687,0
